,img_name,mask_name
0,celeba512_30k_masked\000001_masked.jpg,celeba512_30k_binary\000001_binary.jpg
1,celeba512_30k_masked\000002_masked.jpg,celeba512_30k_binary\000002_binary.jpg
2,celeba512_30k_masked\000005_masked.jpg,celeba512_30k_binary\000005_binary.jpg
3,celeba512_30k_masked\000006_masked.jpg,celeba512_30k_binary\000006_binary.jpg
4,celeba512_30k_masked\000007_masked.jpg,celeba512_30k_binary\000007_binary.jpg
5,celeba512_30k_masked\000008_masked.jpg,celeba512_30k_binary\000008_binary.jpg
6,celeba512_30k_masked\000009_masked.jpg,celeba512_30k_binary\000009_binary.jpg
7,celeba512_30k_masked\000010_masked.jpg,celeba512_30k_binary\000010_binary.jpg
8,celeba512_30k_masked\000011_masked.jpg,celeba512_30k_binary\000011_binary.jpg
9,celeba512_30k_masked\000012_masked.jpg,celeba512_30k_binary\000012_binary.jpg
10,celeba512_30k_masked\000013_masked.jpg,celeba512_30k_binary\000013_binary.jpg
11,celeba512_30k_masked\000014_masked.jpg,celeba512_30k_binary\000014_binary.jpg
12,celeba512_30k_masked\000015_masked.jpg,celeba512_30k_binary\000015_binary.jpg
13,celeba512_30k_masked\000016_masked.jpg,celeba512_30k_binary\000016_binary.jpg
14,celeba512_30k_masked\000017_masked.jpg,celeba512_30k_binary\000017_binary.jpg
15,celeba512_30k_masked\000018_masked.jpg,celeba512_30k_binary\000018_binary.jpg
16,celeba512_30k_masked\000019_masked.jpg,celeba512_30k_binary\000019_binary.jpg
17,celeba512_30k_masked\000020_masked.jpg,celeba512_30k_binary\000020_binary.jpg
18,celeba512_30k_masked\000021_masked.jpg,celeba512_30k_binary\000021_binary.jpg
19,celeba512_30k_masked\000022_masked.jpg,celeba512_30k_binary\000022_binary.jpg
20,celeba512_30k_masked\000023_masked.jpg,celeba512_30k_binary\000023_binary.jpg
21,celeba512_30k_masked\000024_masked.jpg,celeba512_30k_binary\000024_binary.jpg
22,celeba512_30k_masked\000025_masked.jpg,celeba512_30k_binary\000025_binary.jpg
23,celeba512_30k_masked\000026_masked.jpg,celeba512_30k_binary\000026_binary.jpg
24,celeba512_30k_masked\000027_masked.jpg,celeba512_30k_binary\000027_binary.jpg
25,celeba512_30k_masked\000028_masked.jpg,celeba512_30k_binary\000028_binary.jpg
26,celeba512_30k_masked\000029_masked.jpg,celeba512_30k_binary\000029_binary.jpg
27,celeba512_30k_masked\000030_masked.jpg,celeba512_30k_binary\000030_binary.jpg
28,celeba512_30k_masked\000031_masked.jpg,celeba512_30k_binary\000031_binary.jpg
29,celeba512_30k_masked\000032_masked.jpg,celeba512_30k_binary\000032_binary.jpg
30,celeba512_30k_masked\000033_masked.jpg,celeba512_30k_binary\000033_binary.jpg
31,celeba512_30k_masked\000034_masked.jpg,celeba512_30k_binary\000034_binary.jpg
32,celeba512_30k_masked\000035_masked.jpg,celeba512_30k_binary\000035_binary.jpg
33,celeba512_30k_masked\000037_masked.jpg,celeba512_30k_binary\000037_binary.jpg
34,celeba512_30k_masked\000038_masked.jpg,celeba512_30k_binary\000038_binary.jpg
35,celeba512_30k_masked\000039_masked.jpg,celeba512_30k_binary\000039_binary.jpg
36,celeba512_30k_masked\000040_masked.jpg,celeba512_30k_binary\000040_binary.jpg
37,celeba512_30k_masked\000041_masked.jpg,celeba512_30k_binary\000041_binary.jpg
38,celeba512_30k_masked\000042_masked.jpg,celeba512_30k_binary\000042_binary.jpg
39,celeba512_30k_masked\000043_masked.jpg,celeba512_30k_binary\000043_binary.jpg
40,celeba512_30k_masked\000044_masked.jpg,celeba512_30k_binary\000044_binary.jpg
41,celeba512_30k_masked\000045_masked.jpg,celeba512_30k_binary\000045_binary.jpg
42,celeba512_30k_masked\000046_masked.jpg,celeba512_30k_binary\000046_binary.jpg
43,celeba512_30k_masked\000047_masked.jpg,celeba512_30k_binary\000047_binary.jpg
44,celeba512_30k_masked\000048_masked.jpg,celeba512_30k_binary\000048_binary.jpg
45,celeba512_30k_masked\000049_masked.jpg,celeba512_30k_binary\000049_binary.jpg
46,celeba512_30k_masked\000050_masked.jpg,celeba512_30k_binary\000050_binary.jpg
47,celeba512_30k_masked\000051_masked.jpg,celeba512_30k_binary\000051_binary.jpg
48,celeba512_30k_masked\000052_masked.jpg,celeba512_30k_binary\000052_binary.jpg
49,celeba512_30k_masked\000053_masked.jpg,celeba512_30k_binary\000053_binary.jpg
50,celeba512_30k_masked\000054_masked.jpg,celeba512_30k_binary\000054_binary.jpg
51,celeba512_30k_masked\000055_masked.jpg,celeba512_30k_binary\000055_binary.jpg
52,celeba512_30k_masked\000056_masked.jpg,celeba512_30k_binary\000056_binary.jpg
53,celeba512_30k_masked\000057_masked.jpg,celeba512_30k_binary\000057_binary.jpg
54,celeba512_30k_masked\000058_masked.jpg,celeba512_30k_binary\000058_binary.jpg
55,celeba512_30k_masked\000059_masked.jpg,celeba512_30k_binary\000059_binary.jpg
56,celeba512_30k_masked\000060_masked.jpg,celeba512_30k_binary\000060_binary.jpg
57,celeba512_30k_masked\000061_masked.jpg,celeba512_30k_binary\000061_binary.jpg
58,celeba512_30k_masked\000062_masked.jpg,celeba512_30k_binary\000062_binary.jpg
59,celeba512_30k_masked\000063_masked.jpg,celeba512_30k_binary\000063_binary.jpg
60,celeba512_30k_masked\000064_masked.jpg,celeba512_30k_binary\000064_binary.jpg
61,celeba512_30k_masked\000065_masked.jpg,celeba512_30k_binary\000065_binary.jpg
62,celeba512_30k_masked\000066_masked.jpg,celeba512_30k_binary\000066_binary.jpg
63,celeba512_30k_masked\000068_masked.jpg,celeba512_30k_binary\000068_binary.jpg
64,celeba512_30k_masked\000069_masked.jpg,celeba512_30k_binary\000069_binary.jpg
65,celeba512_30k_masked\000070_masked.jpg,celeba512_30k_binary\000070_binary.jpg
66,celeba512_30k_masked\000071_masked.jpg,celeba512_30k_binary\000071_binary.jpg
67,celeba512_30k_masked\000072_masked.jpg,celeba512_30k_binary\000072_binary.jpg
68,celeba512_30k_masked\000073_masked.jpg,celeba512_30k_binary\000073_binary.jpg
69,celeba512_30k_masked\000074_masked.jpg,celeba512_30k_binary\000074_binary.jpg
70,celeba512_30k_masked\000075_masked.jpg,celeba512_30k_binary\000075_binary.jpg
71,celeba512_30k_masked\000076_masked.jpg,celeba512_30k_binary\000076_binary.jpg
72,celeba512_30k_masked\000077_masked.jpg,celeba512_30k_binary\000077_binary.jpg
73,celeba512_30k_masked\000078_masked.jpg,celeba512_30k_binary\000078_binary.jpg
74,celeba512_30k_masked\000079_masked.jpg,celeba512_30k_binary\000079_binary.jpg
75,celeba512_30k_masked\000080_masked.jpg,celeba512_30k_binary\000080_binary.jpg
76,celeba512_30k_masked\000081_masked.jpg,celeba512_30k_binary\000081_binary.jpg
77,celeba512_30k_masked\000082_masked.jpg,celeba512_30k_binary\000082_binary.jpg
78,celeba512_30k_masked\000083_masked.jpg,celeba512_30k_binary\000083_binary.jpg
79,celeba512_30k_masked\000084_masked.jpg,celeba512_30k_binary\000084_binary.jpg
80,celeba512_30k_masked\000085_masked.jpg,celeba512_30k_binary\000085_binary.jpg
81,celeba512_30k_masked\000086_masked.jpg,celeba512_30k_binary\000086_binary.jpg
82,celeba512_30k_masked\000087_masked.jpg,celeba512_30k_binary\000087_binary.jpg
83,celeba512_30k_masked\000088_masked.jpg,celeba512_30k_binary\000088_binary.jpg
84,celeba512_30k_masked\000089_masked.jpg,celeba512_30k_binary\000089_binary.jpg
85,celeba512_30k_masked\000090_masked.jpg,celeba512_30k_binary\000090_binary.jpg
86,celeba512_30k_masked\000091_masked.jpg,celeba512_30k_binary\000091_binary.jpg
87,celeba512_30k_masked\000092_masked.jpg,celeba512_30k_binary\000092_binary.jpg
88,celeba512_30k_masked\000093_masked.jpg,celeba512_30k_binary\000093_binary.jpg
89,celeba512_30k_masked\000094_masked.jpg,celeba512_30k_binary\000094_binary.jpg
90,celeba512_30k_masked\000095_masked.jpg,celeba512_30k_binary\000095_binary.jpg
91,celeba512_30k_masked\000096_masked.jpg,celeba512_30k_binary\000096_binary.jpg
92,celeba512_30k_masked\000097_masked.jpg,celeba512_30k_binary\000097_binary.jpg
93,celeba512_30k_masked\000098_masked.jpg,celeba512_30k_binary\000098_binary.jpg
94,celeba512_30k_masked\000099_masked.jpg,celeba512_30k_binary\000099_binary.jpg
95,celeba512_30k_masked\000100_masked.jpg,celeba512_30k_binary\000100_binary.jpg
96,celeba512_30k_masked\000101_masked.jpg,celeba512_30k_binary\000101_binary.jpg
97,celeba512_30k_masked\000102_masked.jpg,celeba512_30k_binary\000102_binary.jpg
98,celeba512_30k_masked\000103_masked.jpg,celeba512_30k_binary\000103_binary.jpg
99,celeba512_30k_masked\000104_masked.jpg,celeba512_30k_binary\000104_binary.jpg
100,celeba512_30k_masked\000105_masked.jpg,celeba512_30k_binary\000105_binary.jpg
101,celeba512_30k_masked\000106_masked.jpg,celeba512_30k_binary\000106_binary.jpg
102,celeba512_30k_masked\000107_masked.jpg,celeba512_30k_binary\000107_binary.jpg
103,celeba512_30k_masked\000108_masked.jpg,celeba512_30k_binary\000108_binary.jpg
104,celeba512_30k_masked\000109_masked.jpg,celeba512_30k_binary\000109_binary.jpg
105,celeba512_30k_masked\000110_masked.jpg,celeba512_30k_binary\000110_binary.jpg
106,celeba512_30k_masked\000111_masked.jpg,celeba512_30k_binary\000111_binary.jpg
107,celeba512_30k_masked\000112_masked.jpg,celeba512_30k_binary\000112_binary.jpg
108,celeba512_30k_masked\000113_masked.jpg,celeba512_30k_binary\000113_binary.jpg
109,celeba512_30k_masked\000114_masked.jpg,celeba512_30k_binary\000114_binary.jpg
110,celeba512_30k_masked\000115_masked.jpg,celeba512_30k_binary\000115_binary.jpg
111,celeba512_30k_masked\000116_masked.jpg,celeba512_30k_binary\000116_binary.jpg
112,celeba512_30k_masked\000117_masked.jpg,celeba512_30k_binary\000117_binary.jpg
113,celeba512_30k_masked\000118_masked.jpg,celeba512_30k_binary\000118_binary.jpg
114,celeba512_30k_masked\000119_masked.jpg,celeba512_30k_binary\000119_binary.jpg
115,celeba512_30k_masked\000121_masked.jpg,celeba512_30k_binary\000121_binary.jpg
116,celeba512_30k_masked\000122_masked.jpg,celeba512_30k_binary\000122_binary.jpg
117,celeba512_30k_masked\000123_masked.jpg,celeba512_30k_binary\000123_binary.jpg
118,celeba512_30k_masked\000124_masked.jpg,celeba512_30k_binary\000124_binary.jpg
119,celeba512_30k_masked\000125_masked.jpg,celeba512_30k_binary\000125_binary.jpg
120,celeba512_30k_masked\000126_masked.jpg,celeba512_30k_binary\000126_binary.jpg
121,celeba512_30k_masked\000127_masked.jpg,celeba512_30k_binary\000127_binary.jpg
122,celeba512_30k_masked\000128_masked.jpg,celeba512_30k_binary\000128_binary.jpg
123,celeba512_30k_masked\000129_masked.jpg,celeba512_30k_binary\000129_binary.jpg
124,celeba512_30k_masked\000130_masked.jpg,celeba512_30k_binary\000130_binary.jpg
125,celeba512_30k_masked\000131_masked.jpg,celeba512_30k_binary\000131_binary.jpg
126,celeba512_30k_masked\000132_masked.jpg,celeba512_30k_binary\000132_binary.jpg
127,celeba512_30k_masked\000133_masked.jpg,celeba512_30k_binary\000133_binary.jpg
128,celeba512_30k_masked\000134_masked.jpg,celeba512_30k_binary\000134_binary.jpg
129,celeba512_30k_masked\000135_masked.jpg,celeba512_30k_binary\000135_binary.jpg
130,celeba512_30k_masked\000136_masked.jpg,celeba512_30k_binary\000136_binary.jpg
131,celeba512_30k_masked\000139_masked.jpg,celeba512_30k_binary\000139_binary.jpg
132,celeba512_30k_masked\000140_masked.jpg,celeba512_30k_binary\000140_binary.jpg
133,celeba512_30k_masked\000141_masked.jpg,celeba512_30k_binary\000141_binary.jpg
134,celeba512_30k_masked\000142_masked.jpg,celeba512_30k_binary\000142_binary.jpg
135,celeba512_30k_masked\000143_masked.jpg,celeba512_30k_binary\000143_binary.jpg
136,celeba512_30k_masked\000144_masked.jpg,celeba512_30k_binary\000144_binary.jpg
137,celeba512_30k_masked\000145_masked.jpg,celeba512_30k_binary\000145_binary.jpg
138,celeba512_30k_masked\000146_masked.jpg,celeba512_30k_binary\000146_binary.jpg
139,celeba512_30k_masked\000147_masked.jpg,celeba512_30k_binary\000147_binary.jpg
140,celeba512_30k_masked\000148_masked.jpg,celeba512_30k_binary\000148_binary.jpg
141,celeba512_30k_masked\000151_masked.jpg,celeba512_30k_binary\000151_binary.jpg
142,celeba512_30k_masked\000152_masked.jpg,celeba512_30k_binary\000152_binary.jpg
143,celeba512_30k_masked\000153_masked.jpg,celeba512_30k_binary\000153_binary.jpg
144,celeba512_30k_masked\000155_masked.jpg,celeba512_30k_binary\000155_binary.jpg
145,celeba512_30k_masked\000156_masked.jpg,celeba512_30k_binary\000156_binary.jpg
146,celeba512_30k_masked\000157_masked.jpg,celeba512_30k_binary\000157_binary.jpg
147,celeba512_30k_masked\000158_masked.jpg,celeba512_30k_binary\000158_binary.jpg
148,celeba512_30k_masked\000160_masked.jpg,celeba512_30k_binary\000160_binary.jpg
149,celeba512_30k_masked\000161_masked.jpg,celeba512_30k_binary\000161_binary.jpg
150,celeba512_30k_masked\000162_masked.jpg,celeba512_30k_binary\000162_binary.jpg
151,celeba512_30k_masked\000163_masked.jpg,celeba512_30k_binary\000163_binary.jpg
152,celeba512_30k_masked\000164_masked.jpg,celeba512_30k_binary\000164_binary.jpg
153,celeba512_30k_masked\000165_masked.jpg,celeba512_30k_binary\000165_binary.jpg
154,celeba512_30k_masked\000168_masked.jpg,celeba512_30k_binary\000168_binary.jpg
155,celeba512_30k_masked\000169_masked.jpg,celeba512_30k_binary\000169_binary.jpg
156,celeba512_30k_masked\000170_masked.jpg,celeba512_30k_binary\000170_binary.jpg
157,celeba512_30k_masked\000171_masked.jpg,celeba512_30k_binary\000171_binary.jpg
158,celeba512_30k_masked\000172_masked.jpg,celeba512_30k_binary\000172_binary.jpg
159,celeba512_30k_masked\000173_masked.jpg,celeba512_30k_binary\000173_binary.jpg
160,celeba512_30k_masked\000174_masked.jpg,celeba512_30k_binary\000174_binary.jpg
161,celeba512_30k_masked\000175_masked.jpg,celeba512_30k_binary\000175_binary.jpg
162,celeba512_30k_masked\000176_masked.jpg,celeba512_30k_binary\000176_binary.jpg
163,celeba512_30k_masked\000177_masked.jpg,celeba512_30k_binary\000177_binary.jpg
164,celeba512_30k_masked\000178_masked.jpg,celeba512_30k_binary\000178_binary.jpg
165,celeba512_30k_masked\000179_masked.jpg,celeba512_30k_binary\000179_binary.jpg
166,celeba512_30k_masked\000180_masked.jpg,celeba512_30k_binary\000180_binary.jpg
167,celeba512_30k_masked\000181_masked.jpg,celeba512_30k_binary\000181_binary.jpg
168,celeba512_30k_masked\000182_masked.jpg,celeba512_30k_binary\000182_binary.jpg
169,celeba512_30k_masked\000183_masked.jpg,celeba512_30k_binary\000183_binary.jpg
170,celeba512_30k_masked\000184_masked.jpg,celeba512_30k_binary\000184_binary.jpg
171,celeba512_30k_masked\000185_masked.jpg,celeba512_30k_binary\000185_binary.jpg
172,celeba512_30k_masked\000186_masked.jpg,celeba512_30k_binary\000186_binary.jpg
173,celeba512_30k_masked\000187_masked.jpg,celeba512_30k_binary\000187_binary.jpg
174,celeba512_30k_masked\000188_masked.jpg,celeba512_30k_binary\000188_binary.jpg
175,celeba512_30k_masked\000189_masked.jpg,celeba512_30k_binary\000189_binary.jpg
176,celeba512_30k_masked\000190_masked.jpg,celeba512_30k_binary\000190_binary.jpg
177,celeba512_30k_masked\000191_masked.jpg,celeba512_30k_binary\000191_binary.jpg
178,celeba512_30k_masked\000192_masked.jpg,celeba512_30k_binary\000192_binary.jpg
179,celeba512_30k_masked\000193_masked.jpg,celeba512_30k_binary\000193_binary.jpg
180,celeba512_30k_masked\000194_masked.jpg,celeba512_30k_binary\000194_binary.jpg
181,celeba512_30k_masked\000195_masked.jpg,celeba512_30k_binary\000195_binary.jpg
182,celeba512_30k_masked\000196_masked.jpg,celeba512_30k_binary\000196_binary.jpg
183,celeba512_30k_masked\000197_masked.jpg,celeba512_30k_binary\000197_binary.jpg
184,celeba512_30k_masked\000198_masked.jpg,celeba512_30k_binary\000198_binary.jpg
185,celeba512_30k_masked\000200_masked.jpg,celeba512_30k_binary\000200_binary.jpg
186,celeba512_30k_masked\000201_masked.jpg,celeba512_30k_binary\000201_binary.jpg
187,celeba512_30k_masked\000202_masked.jpg,celeba512_30k_binary\000202_binary.jpg
188,celeba512_30k_masked\000203_masked.jpg,celeba512_30k_binary\000203_binary.jpg
189,celeba512_30k_masked\000204_masked.jpg,celeba512_30k_binary\000204_binary.jpg
190,celeba512_30k_masked\000205_masked.jpg,celeba512_30k_binary\000205_binary.jpg
191,celeba512_30k_masked\000206_masked.jpg,celeba512_30k_binary\000206_binary.jpg
192,celeba512_30k_masked\000207_masked.jpg,celeba512_30k_binary\000207_binary.jpg
193,celeba512_30k_masked\000208_masked.jpg,celeba512_30k_binary\000208_binary.jpg
194,celeba512_30k_masked\000209_masked.jpg,celeba512_30k_binary\000209_binary.jpg
195,celeba512_30k_masked\000210_masked.jpg,celeba512_30k_binary\000210_binary.jpg
196,celeba512_30k_masked\000211_masked.jpg,celeba512_30k_binary\000211_binary.jpg
197,celeba512_30k_masked\000212_masked.jpg,celeba512_30k_binary\000212_binary.jpg
198,celeba512_30k_masked\000213_masked.jpg,celeba512_30k_binary\000213_binary.jpg
199,celeba512_30k_masked\000214_masked.jpg,celeba512_30k_binary\000214_binary.jpg
200,celeba512_30k_masked\000215_masked.jpg,celeba512_30k_binary\000215_binary.jpg
201,celeba512_30k_masked\000216_masked.jpg,celeba512_30k_binary\000216_binary.jpg
202,celeba512_30k_masked\000217_masked.jpg,celeba512_30k_binary\000217_binary.jpg
203,celeba512_30k_masked\000218_masked.jpg,celeba512_30k_binary\000218_binary.jpg
204,celeba512_30k_masked\000219_masked.jpg,celeba512_30k_binary\000219_binary.jpg
205,celeba512_30k_masked\000220_masked.jpg,celeba512_30k_binary\000220_binary.jpg
206,celeba512_30k_masked\000221_masked.jpg,celeba512_30k_binary\000221_binary.jpg
207,celeba512_30k_masked\000222_masked.jpg,celeba512_30k_binary\000222_binary.jpg
208,celeba512_30k_masked\000223_masked.jpg,celeba512_30k_binary\000223_binary.jpg
209,celeba512_30k_masked\000225_masked.jpg,celeba512_30k_binary\000225_binary.jpg
210,celeba512_30k_masked\000226_masked.jpg,celeba512_30k_binary\000226_binary.jpg
211,celeba512_30k_masked\000227_masked.jpg,celeba512_30k_binary\000227_binary.jpg
212,celeba512_30k_masked\000228_masked.jpg,celeba512_30k_binary\000228_binary.jpg
213,celeba512_30k_masked\000229_masked.jpg,celeba512_30k_binary\000229_binary.jpg
214,celeba512_30k_masked\000230_masked.jpg,celeba512_30k_binary\000230_binary.jpg
215,celeba512_30k_masked\000231_masked.jpg,celeba512_30k_binary\000231_binary.jpg
216,celeba512_30k_masked\000232_masked.jpg,celeba512_30k_binary\000232_binary.jpg
217,celeba512_30k_masked\000233_masked.jpg,celeba512_30k_binary\000233_binary.jpg
218,celeba512_30k_masked\000234_masked.jpg,celeba512_30k_binary\000234_binary.jpg
219,celeba512_30k_masked\000235_masked.jpg,celeba512_30k_binary\000235_binary.jpg
220,celeba512_30k_masked\000236_masked.jpg,celeba512_30k_binary\000236_binary.jpg
221,celeba512_30k_masked\000237_masked.jpg,celeba512_30k_binary\000237_binary.jpg
222,celeba512_30k_masked\000238_masked.jpg,celeba512_30k_binary\000238_binary.jpg
223,celeba512_30k_masked\000239_masked.jpg,celeba512_30k_binary\000239_binary.jpg
224,celeba512_30k_masked\000241_masked.jpg,celeba512_30k_binary\000241_binary.jpg
225,celeba512_30k_masked\000242_masked.jpg,celeba512_30k_binary\000242_binary.jpg
226,celeba512_30k_masked\000243_masked.jpg,celeba512_30k_binary\000243_binary.jpg
227,celeba512_30k_masked\000244_masked.jpg,celeba512_30k_binary\000244_binary.jpg
228,celeba512_30k_masked\000245_masked.jpg,celeba512_30k_binary\000245_binary.jpg
229,celeba512_30k_masked\000246_masked.jpg,celeba512_30k_binary\000246_binary.jpg
230,celeba512_30k_masked\000247_masked.jpg,celeba512_30k_binary\000247_binary.jpg
231,celeba512_30k_masked\000248_masked.jpg,celeba512_30k_binary\000248_binary.jpg
232,celeba512_30k_masked\000249_masked.jpg,celeba512_30k_binary\000249_binary.jpg
233,celeba512_30k_masked\000250_masked.jpg,celeba512_30k_binary\000250_binary.jpg
234,celeba512_30k_masked\000251_masked.jpg,celeba512_30k_binary\000251_binary.jpg
235,celeba512_30k_masked\000252_masked.jpg,celeba512_30k_binary\000252_binary.jpg
236,celeba512_30k_masked\000253_masked.jpg,celeba512_30k_binary\000253_binary.jpg
237,celeba512_30k_masked\000254_masked.jpg,celeba512_30k_binary\000254_binary.jpg
238,celeba512_30k_masked\000255_masked.jpg,celeba512_30k_binary\000255_binary.jpg
239,celeba512_30k_masked\000256_masked.jpg,celeba512_30k_binary\000256_binary.jpg
240,celeba512_30k_masked\000257_masked.jpg,celeba512_30k_binary\000257_binary.jpg
241,celeba512_30k_masked\000258_masked.jpg,celeba512_30k_binary\000258_binary.jpg
242,celeba512_30k_masked\000259_masked.jpg,celeba512_30k_binary\000259_binary.jpg
243,celeba512_30k_masked\000260_masked.jpg,celeba512_30k_binary\000260_binary.jpg
244,celeba512_30k_masked\000261_masked.jpg,celeba512_30k_binary\000261_binary.jpg
245,celeba512_30k_masked\000262_masked.jpg,celeba512_30k_binary\000262_binary.jpg
246,celeba512_30k_masked\000263_masked.jpg,celeba512_30k_binary\000263_binary.jpg
247,celeba512_30k_masked\000264_masked.jpg,celeba512_30k_binary\000264_binary.jpg
248,celeba512_30k_masked\000265_masked.jpg,celeba512_30k_binary\000265_binary.jpg
249,celeba512_30k_masked\000266_masked.jpg,celeba512_30k_binary\000266_binary.jpg
250,celeba512_30k_masked\000267_masked.jpg,celeba512_30k_binary\000267_binary.jpg
251,celeba512_30k_masked\000268_masked.jpg,celeba512_30k_binary\000268_binary.jpg
252,celeba512_30k_masked\000269_masked.jpg,celeba512_30k_binary\000269_binary.jpg
253,celeba512_30k_masked\000270_masked.jpg,celeba512_30k_binary\000270_binary.jpg
254,celeba512_30k_masked\000271_masked.jpg,celeba512_30k_binary\000271_binary.jpg
255,celeba512_30k_masked\000272_masked.jpg,celeba512_30k_binary\000272_binary.jpg
256,celeba512_30k_masked\000273_masked.jpg,celeba512_30k_binary\000273_binary.jpg
257,celeba512_30k_masked\000274_masked.jpg,celeba512_30k_binary\000274_binary.jpg
258,celeba512_30k_masked\000275_masked.jpg,celeba512_30k_binary\000275_binary.jpg
259,celeba512_30k_masked\000276_masked.jpg,celeba512_30k_binary\000276_binary.jpg
260,celeba512_30k_masked\000277_masked.jpg,celeba512_30k_binary\000277_binary.jpg
261,celeba512_30k_masked\000278_masked.jpg,celeba512_30k_binary\000278_binary.jpg
262,celeba512_30k_masked\000279_masked.jpg,celeba512_30k_binary\000279_binary.jpg
263,celeba512_30k_masked\000280_masked.jpg,celeba512_30k_binary\000280_binary.jpg
264,celeba512_30k_masked\000281_masked.jpg,celeba512_30k_binary\000281_binary.jpg
265,celeba512_30k_masked\000282_masked.jpg,celeba512_30k_binary\000282_binary.jpg
266,celeba512_30k_masked\000283_masked.jpg,celeba512_30k_binary\000283_binary.jpg
267,celeba512_30k_masked\000284_masked.jpg,celeba512_30k_binary\000284_binary.jpg
268,celeba512_30k_masked\000285_masked.jpg,celeba512_30k_binary\000285_binary.jpg
269,celeba512_30k_masked\000286_masked.jpg,celeba512_30k_binary\000286_binary.jpg
270,celeba512_30k_masked\000287_masked.jpg,celeba512_30k_binary\000287_binary.jpg
271,celeba512_30k_masked\000288_masked.jpg,celeba512_30k_binary\000288_binary.jpg
272,celeba512_30k_masked\000289_masked.jpg,celeba512_30k_binary\000289_binary.jpg
273,celeba512_30k_masked\000290_masked.jpg,celeba512_30k_binary\000290_binary.jpg
274,celeba512_30k_masked\000291_masked.jpg,celeba512_30k_binary\000291_binary.jpg
275,celeba512_30k_masked\000292_masked.jpg,celeba512_30k_binary\000292_binary.jpg
276,celeba512_30k_masked\000294_masked.jpg,celeba512_30k_binary\000294_binary.jpg
277,celeba512_30k_masked\000295_masked.jpg,celeba512_30k_binary\000295_binary.jpg
278,celeba512_30k_masked\000296_masked.jpg,celeba512_30k_binary\000296_binary.jpg
279,celeba512_30k_masked\000297_masked.jpg,celeba512_30k_binary\000297_binary.jpg
280,celeba512_30k_masked\000298_masked.jpg,celeba512_30k_binary\000298_binary.jpg
281,celeba512_30k_masked\000299_masked.jpg,celeba512_30k_binary\000299_binary.jpg
282,celeba512_30k_masked\000300_masked.jpg,celeba512_30k_binary\000300_binary.jpg
283,celeba512_30k_masked\000301_masked.jpg,celeba512_30k_binary\000301_binary.jpg
284,celeba512_30k_masked\000302_masked.jpg,celeba512_30k_binary\000302_binary.jpg
285,celeba512_30k_masked\000303_masked.jpg,celeba512_30k_binary\000303_binary.jpg
286,celeba512_30k_masked\000304_masked.jpg,celeba512_30k_binary\000304_binary.jpg
287,celeba512_30k_masked\000305_masked.jpg,celeba512_30k_binary\000305_binary.jpg
288,celeba512_30k_masked\000306_masked.jpg,celeba512_30k_binary\000306_binary.jpg
289,celeba512_30k_masked\000307_masked.jpg,celeba512_30k_binary\000307_binary.jpg
290,celeba512_30k_masked\000308_masked.jpg,celeba512_30k_binary\000308_binary.jpg
291,celeba512_30k_masked\000309_masked.jpg,celeba512_30k_binary\000309_binary.jpg
292,celeba512_30k_masked\000310_masked.jpg,celeba512_30k_binary\000310_binary.jpg
293,celeba512_30k_masked\000311_masked.jpg,celeba512_30k_binary\000311_binary.jpg
294,celeba512_30k_masked\000312_masked.jpg,celeba512_30k_binary\000312_binary.jpg
295,celeba512_30k_masked\000313_masked.jpg,celeba512_30k_binary\000313_binary.jpg
296,celeba512_30k_masked\000314_masked.jpg,celeba512_30k_binary\000314_binary.jpg
297,celeba512_30k_masked\000315_masked.jpg,celeba512_30k_binary\000315_binary.jpg
298,celeba512_30k_masked\000316_masked.jpg,celeba512_30k_binary\000316_binary.jpg
299,celeba512_30k_masked\000317_masked.jpg,celeba512_30k_binary\000317_binary.jpg
300,celeba512_30k_masked\000318_masked.jpg,celeba512_30k_binary\000318_binary.jpg
301,celeba512_30k_masked\000319_masked.jpg,celeba512_30k_binary\000319_binary.jpg
302,celeba512_30k_masked\000320_masked.jpg,celeba512_30k_binary\000320_binary.jpg
303,celeba512_30k_masked\000321_masked.jpg,celeba512_30k_binary\000321_binary.jpg
304,celeba512_30k_masked\000322_masked.jpg,celeba512_30k_binary\000322_binary.jpg
305,celeba512_30k_masked\000323_masked.jpg,celeba512_30k_binary\000323_binary.jpg
306,celeba512_30k_masked\000324_masked.jpg,celeba512_30k_binary\000324_binary.jpg
307,celeba512_30k_masked\000325_masked.jpg,celeba512_30k_binary\000325_binary.jpg
308,celeba512_30k_masked\000326_masked.jpg,celeba512_30k_binary\000326_binary.jpg
309,celeba512_30k_masked\000327_masked.jpg,celeba512_30k_binary\000327_binary.jpg
310,celeba512_30k_masked\000328_masked.jpg,celeba512_30k_binary\000328_binary.jpg
311,celeba512_30k_masked\000329_masked.jpg,celeba512_30k_binary\000329_binary.jpg
312,celeba512_30k_masked\000330_masked.jpg,celeba512_30k_binary\000330_binary.jpg
313,celeba512_30k_masked\000331_masked.jpg,celeba512_30k_binary\000331_binary.jpg
314,celeba512_30k_masked\000332_masked.jpg,celeba512_30k_binary\000332_binary.jpg
315,celeba512_30k_masked\000333_masked.jpg,celeba512_30k_binary\000333_binary.jpg
316,celeba512_30k_masked\000334_masked.jpg,celeba512_30k_binary\000334_binary.jpg
317,celeba512_30k_masked\000335_masked.jpg,celeba512_30k_binary\000335_binary.jpg
318,celeba512_30k_masked\000336_masked.jpg,celeba512_30k_binary\000336_binary.jpg
319,celeba512_30k_masked\000337_masked.jpg,celeba512_30k_binary\000337_binary.jpg
320,celeba512_30k_masked\000338_masked.jpg,celeba512_30k_binary\000338_binary.jpg
321,celeba512_30k_masked\000339_masked.jpg,celeba512_30k_binary\000339_binary.jpg
322,celeba512_30k_masked\000340_masked.jpg,celeba512_30k_binary\000340_binary.jpg
323,celeba512_30k_masked\000341_masked.jpg,celeba512_30k_binary\000341_binary.jpg
324,celeba512_30k_masked\000342_masked.jpg,celeba512_30k_binary\000342_binary.jpg
325,celeba512_30k_masked\000343_masked.jpg,celeba512_30k_binary\000343_binary.jpg
326,celeba512_30k_masked\000344_masked.jpg,celeba512_30k_binary\000344_binary.jpg
327,celeba512_30k_masked\000345_masked.jpg,celeba512_30k_binary\000345_binary.jpg
328,celeba512_30k_masked\000346_masked.jpg,celeba512_30k_binary\000346_binary.jpg
329,celeba512_30k_masked\000347_masked.jpg,celeba512_30k_binary\000347_binary.jpg
330,celeba512_30k_masked\000348_masked.jpg,celeba512_30k_binary\000348_binary.jpg
331,celeba512_30k_masked\000349_masked.jpg,celeba512_30k_binary\000349_binary.jpg
332,celeba512_30k_masked\000350_masked.jpg,celeba512_30k_binary\000350_binary.jpg
333,celeba512_30k_masked\000351_masked.jpg,celeba512_30k_binary\000351_binary.jpg
334,celeba512_30k_masked\000352_masked.jpg,celeba512_30k_binary\000352_binary.jpg
335,celeba512_30k_masked\000353_masked.jpg,celeba512_30k_binary\000353_binary.jpg
336,celeba512_30k_masked\000354_masked.jpg,celeba512_30k_binary\000354_binary.jpg
337,celeba512_30k_masked\000355_masked.jpg,celeba512_30k_binary\000355_binary.jpg
338,celeba512_30k_masked\000356_masked.jpg,celeba512_30k_binary\000356_binary.jpg
339,celeba512_30k_masked\000357_masked.jpg,celeba512_30k_binary\000357_binary.jpg
340,celeba512_30k_masked\000358_masked.jpg,celeba512_30k_binary\000358_binary.jpg
341,celeba512_30k_masked\000359_masked.jpg,celeba512_30k_binary\000359_binary.jpg
342,celeba512_30k_masked\000360_masked.jpg,celeba512_30k_binary\000360_binary.jpg
343,celeba512_30k_masked\000361_masked.jpg,celeba512_30k_binary\000361_binary.jpg
344,celeba512_30k_masked\000362_masked.jpg,celeba512_30k_binary\000362_binary.jpg
345,celeba512_30k_masked\000363_masked.jpg,celeba512_30k_binary\000363_binary.jpg
346,celeba512_30k_masked\000364_masked.jpg,celeba512_30k_binary\000364_binary.jpg
347,celeba512_30k_masked\000365_masked.jpg,celeba512_30k_binary\000365_binary.jpg
348,celeba512_30k_masked\000366_masked.jpg,celeba512_30k_binary\000366_binary.jpg
349,celeba512_30k_masked\000367_masked.jpg,celeba512_30k_binary\000367_binary.jpg
350,celeba512_30k_masked\000368_masked.jpg,celeba512_30k_binary\000368_binary.jpg
351,celeba512_30k_masked\000369_masked.jpg,celeba512_30k_binary\000369_binary.jpg
352,celeba512_30k_masked\000370_masked.jpg,celeba512_30k_binary\000370_binary.jpg
353,celeba512_30k_masked\000371_masked.jpg,celeba512_30k_binary\000371_binary.jpg
354,celeba512_30k_masked\000372_masked.jpg,celeba512_30k_binary\000372_binary.jpg
355,celeba512_30k_masked\000373_masked.jpg,celeba512_30k_binary\000373_binary.jpg
356,celeba512_30k_masked\000374_masked.jpg,celeba512_30k_binary\000374_binary.jpg
357,celeba512_30k_masked\000375_masked.jpg,celeba512_30k_binary\000375_binary.jpg
358,celeba512_30k_masked\000376_masked.jpg,celeba512_30k_binary\000376_binary.jpg
359,celeba512_30k_masked\000377_masked.jpg,celeba512_30k_binary\000377_binary.jpg
360,celeba512_30k_masked\000378_masked.jpg,celeba512_30k_binary\000378_binary.jpg
361,celeba512_30k_masked\000379_masked.jpg,celeba512_30k_binary\000379_binary.jpg
362,celeba512_30k_masked\000380_masked.jpg,celeba512_30k_binary\000380_binary.jpg
363,celeba512_30k_masked\000381_masked.jpg,celeba512_30k_binary\000381_binary.jpg
364,celeba512_30k_masked\000382_masked.jpg,celeba512_30k_binary\000382_binary.jpg
365,celeba512_30k_masked\000383_masked.jpg,celeba512_30k_binary\000383_binary.jpg
366,celeba512_30k_masked\000384_masked.jpg,celeba512_30k_binary\000384_binary.jpg
367,celeba512_30k_masked\000385_masked.jpg,celeba512_30k_binary\000385_binary.jpg
368,celeba512_30k_masked\000386_masked.jpg,celeba512_30k_binary\000386_binary.jpg
369,celeba512_30k_masked\000387_masked.jpg,celeba512_30k_binary\000387_binary.jpg
370,celeba512_30k_masked\000388_masked.jpg,celeba512_30k_binary\000388_binary.jpg
371,celeba512_30k_masked\000389_masked.jpg,celeba512_30k_binary\000389_binary.jpg
372,celeba512_30k_masked\000390_masked.jpg,celeba512_30k_binary\000390_binary.jpg
373,celeba512_30k_masked\000391_masked.jpg,celeba512_30k_binary\000391_binary.jpg
374,celeba512_30k_masked\000392_masked.jpg,celeba512_30k_binary\000392_binary.jpg
375,celeba512_30k_masked\000393_masked.jpg,celeba512_30k_binary\000393_binary.jpg
376,celeba512_30k_masked\000394_masked.jpg,celeba512_30k_binary\000394_binary.jpg
377,celeba512_30k_masked\000395_masked.jpg,celeba512_30k_binary\000395_binary.jpg
378,celeba512_30k_masked\000396_masked.jpg,celeba512_30k_binary\000396_binary.jpg
379,celeba512_30k_masked\000397_masked.jpg,celeba512_30k_binary\000397_binary.jpg
380,celeba512_30k_masked\000398_masked.jpg,celeba512_30k_binary\000398_binary.jpg
381,celeba512_30k_masked\000399_masked.jpg,celeba512_30k_binary\000399_binary.jpg
382,celeba512_30k_masked\000400_masked.jpg,celeba512_30k_binary\000400_binary.jpg
383,celeba512_30k_masked\000401_masked.jpg,celeba512_30k_binary\000401_binary.jpg
384,celeba512_30k_masked\000402_masked.jpg,celeba512_30k_binary\000402_binary.jpg
385,celeba512_30k_masked\000403_masked.jpg,celeba512_30k_binary\000403_binary.jpg
386,celeba512_30k_masked\000404_masked.jpg,celeba512_30k_binary\000404_binary.jpg
387,celeba512_30k_masked\000405_masked.jpg,celeba512_30k_binary\000405_binary.jpg
388,celeba512_30k_masked\000406_masked.jpg,celeba512_30k_binary\000406_binary.jpg
389,celeba512_30k_masked\000407_masked.jpg,celeba512_30k_binary\000407_binary.jpg
390,celeba512_30k_masked\000408_masked.jpg,celeba512_30k_binary\000408_binary.jpg
391,celeba512_30k_masked\000409_masked.jpg,celeba512_30k_binary\000409_binary.jpg
392,celeba512_30k_masked\000410_masked.jpg,celeba512_30k_binary\000410_binary.jpg
393,celeba512_30k_masked\000411_masked.jpg,celeba512_30k_binary\000411_binary.jpg
394,celeba512_30k_masked\000412_masked.jpg,celeba512_30k_binary\000412_binary.jpg
395,celeba512_30k_masked\000413_masked.jpg,celeba512_30k_binary\000413_binary.jpg
396,celeba512_30k_masked\000414_masked.jpg,celeba512_30k_binary\000414_binary.jpg
397,celeba512_30k_masked\000415_masked.jpg,celeba512_30k_binary\000415_binary.jpg
398,celeba512_30k_masked\000416_masked.jpg,celeba512_30k_binary\000416_binary.jpg
399,celeba512_30k_masked\000418_masked.jpg,celeba512_30k_binary\000418_binary.jpg
400,celeba512_30k_masked\000419_masked.jpg,celeba512_30k_binary\000419_binary.jpg
401,celeba512_30k_masked\000420_masked.jpg,celeba512_30k_binary\000420_binary.jpg
402,celeba512_30k_masked\000421_masked.jpg,celeba512_30k_binary\000421_binary.jpg
403,celeba512_30k_masked\000422_masked.jpg,celeba512_30k_binary\000422_binary.jpg
404,celeba512_30k_masked\000423_masked.jpg,celeba512_30k_binary\000423_binary.jpg
405,celeba512_30k_masked\000424_masked.jpg,celeba512_30k_binary\000424_binary.jpg
406,celeba512_30k_masked\000425_masked.jpg,celeba512_30k_binary\000425_binary.jpg
407,celeba512_30k_masked\000427_masked.jpg,celeba512_30k_binary\000427_binary.jpg
408,celeba512_30k_masked\000428_masked.jpg,celeba512_30k_binary\000428_binary.jpg
409,celeba512_30k_masked\000429_masked.jpg,celeba512_30k_binary\000429_binary.jpg
410,celeba512_30k_masked\000430_masked.jpg,celeba512_30k_binary\000430_binary.jpg
411,celeba512_30k_masked\000431_masked.jpg,celeba512_30k_binary\000431_binary.jpg
412,celeba512_30k_masked\000432_masked.jpg,celeba512_30k_binary\000432_binary.jpg
413,celeba512_30k_masked\000433_masked.jpg,celeba512_30k_binary\000433_binary.jpg
414,celeba512_30k_masked\000435_masked.jpg,celeba512_30k_binary\000435_binary.jpg
415,celeba512_30k_masked\000436_masked.jpg,celeba512_30k_binary\000436_binary.jpg
416,celeba512_30k_masked\000437_masked.jpg,celeba512_30k_binary\000437_binary.jpg
417,celeba512_30k_masked\000438_masked.jpg,celeba512_30k_binary\000438_binary.jpg
418,celeba512_30k_masked\000439_masked.jpg,celeba512_30k_binary\000439_binary.jpg
419,celeba512_30k_masked\000440_masked.jpg,celeba512_30k_binary\000440_binary.jpg
420,celeba512_30k_masked\000441_masked.jpg,celeba512_30k_binary\000441_binary.jpg
421,celeba512_30k_masked\000442_masked.jpg,celeba512_30k_binary\000442_binary.jpg
422,celeba512_30k_masked\000443_masked.jpg,celeba512_30k_binary\000443_binary.jpg
423,celeba512_30k_masked\000444_masked.jpg,celeba512_30k_binary\000444_binary.jpg
424,celeba512_30k_masked\000445_masked.jpg,celeba512_30k_binary\000445_binary.jpg
425,celeba512_30k_masked\000446_masked.jpg,celeba512_30k_binary\000446_binary.jpg
426,celeba512_30k_masked\000447_masked.jpg,celeba512_30k_binary\000447_binary.jpg
427,celeba512_30k_masked\000448_masked.jpg,celeba512_30k_binary\000448_binary.jpg
428,celeba512_30k_masked\000449_masked.jpg,celeba512_30k_binary\000449_binary.jpg
429,celeba512_30k_masked\000450_masked.jpg,celeba512_30k_binary\000450_binary.jpg
430,celeba512_30k_masked\000451_masked.jpg,celeba512_30k_binary\000451_binary.jpg
431,celeba512_30k_masked\000452_masked.jpg,celeba512_30k_binary\000452_binary.jpg
432,celeba512_30k_masked\000454_masked.jpg,celeba512_30k_binary\000454_binary.jpg
433,celeba512_30k_masked\000455_masked.jpg,celeba512_30k_binary\000455_binary.jpg
434,celeba512_30k_masked\000456_masked.jpg,celeba512_30k_binary\000456_binary.jpg
435,celeba512_30k_masked\000457_masked.jpg,celeba512_30k_binary\000457_binary.jpg
436,celeba512_30k_masked\000458_masked.jpg,celeba512_30k_binary\000458_binary.jpg
437,celeba512_30k_masked\000459_masked.jpg,celeba512_30k_binary\000459_binary.jpg
438,celeba512_30k_masked\000460_masked.jpg,celeba512_30k_binary\000460_binary.jpg
439,celeba512_30k_masked\000461_masked.jpg,celeba512_30k_binary\000461_binary.jpg
440,celeba512_30k_masked\000462_masked.jpg,celeba512_30k_binary\000462_binary.jpg
441,celeba512_30k_masked\000463_masked.jpg,celeba512_30k_binary\000463_binary.jpg
442,celeba512_30k_masked\000464_masked.jpg,celeba512_30k_binary\000464_binary.jpg
443,celeba512_30k_masked\000465_masked.jpg,celeba512_30k_binary\000465_binary.jpg
444,celeba512_30k_masked\000466_masked.jpg,celeba512_30k_binary\000466_binary.jpg
445,celeba512_30k_masked\000467_masked.jpg,celeba512_30k_binary\000467_binary.jpg
446,celeba512_30k_masked\000468_masked.jpg,celeba512_30k_binary\000468_binary.jpg
447,celeba512_30k_masked\000469_masked.jpg,celeba512_30k_binary\000469_binary.jpg
448,celeba512_30k_masked\000470_masked.jpg,celeba512_30k_binary\000470_binary.jpg
449,celeba512_30k_masked\000471_masked.jpg,celeba512_30k_binary\000471_binary.jpg
450,celeba512_30k_masked\000472_masked.jpg,celeba512_30k_binary\000472_binary.jpg
451,celeba512_30k_masked\000473_masked.jpg,celeba512_30k_binary\000473_binary.jpg
452,celeba512_30k_masked\000474_masked.jpg,celeba512_30k_binary\000474_binary.jpg
453,celeba512_30k_masked\000475_masked.jpg,celeba512_30k_binary\000475_binary.jpg
454,celeba512_30k_masked\000476_masked.jpg,celeba512_30k_binary\000476_binary.jpg
455,celeba512_30k_masked\000477_masked.jpg,celeba512_30k_binary\000477_binary.jpg
456,celeba512_30k_masked\000478_masked.jpg,celeba512_30k_binary\000478_binary.jpg
457,celeba512_30k_masked\000479_masked.jpg,celeba512_30k_binary\000479_binary.jpg
458,celeba512_30k_masked\000480_masked.jpg,celeba512_30k_binary\000480_binary.jpg
459,celeba512_30k_masked\000481_masked.jpg,celeba512_30k_binary\000481_binary.jpg
460,celeba512_30k_masked\000482_masked.jpg,celeba512_30k_binary\000482_binary.jpg
461,celeba512_30k_masked\000483_masked.jpg,celeba512_30k_binary\000483_binary.jpg
462,celeba512_30k_masked\000484_masked.jpg,celeba512_30k_binary\000484_binary.jpg
463,celeba512_30k_masked\000485_masked.jpg,celeba512_30k_binary\000485_binary.jpg
464,celeba512_30k_masked\000486_masked.jpg,celeba512_30k_binary\000486_binary.jpg
465,celeba512_30k_masked\000487_masked.jpg,celeba512_30k_binary\000487_binary.jpg
466,celeba512_30k_masked\000488_masked.jpg,celeba512_30k_binary\000488_binary.jpg
467,celeba512_30k_masked\000489_masked.jpg,celeba512_30k_binary\000489_binary.jpg
468,celeba512_30k_masked\000490_masked.jpg,celeba512_30k_binary\000490_binary.jpg
469,celeba512_30k_masked\000491_masked.jpg,celeba512_30k_binary\000491_binary.jpg
470,celeba512_30k_masked\000492_masked.jpg,celeba512_30k_binary\000492_binary.jpg
471,celeba512_30k_masked\000493_masked.jpg,celeba512_30k_binary\000493_binary.jpg
472,celeba512_30k_masked\000494_masked.jpg,celeba512_30k_binary\000494_binary.jpg
473,celeba512_30k_masked\000495_masked.jpg,celeba512_30k_binary\000495_binary.jpg
474,celeba512_30k_masked\000496_masked.jpg,celeba512_30k_binary\000496_binary.jpg
475,celeba512_30k_masked\000497_masked.jpg,celeba512_30k_binary\000497_binary.jpg
476,celeba512_30k_masked\000498_masked.jpg,celeba512_30k_binary\000498_binary.jpg
477,celeba512_30k_masked\000499_masked.jpg,celeba512_30k_binary\000499_binary.jpg
478,celeba512_30k_masked\000500_masked.jpg,celeba512_30k_binary\000500_binary.jpg
479,celeba512_30k_masked\000501_masked.jpg,celeba512_30k_binary\000501_binary.jpg
480,celeba512_30k_masked\000502_masked.jpg,celeba512_30k_binary\000502_binary.jpg
481,celeba512_30k_masked\000503_masked.jpg,celeba512_30k_binary\000503_binary.jpg
482,celeba512_30k_masked\000504_masked.jpg,celeba512_30k_binary\000504_binary.jpg
483,celeba512_30k_masked\000505_masked.jpg,celeba512_30k_binary\000505_binary.jpg
484,celeba512_30k_masked\000506_masked.jpg,celeba512_30k_binary\000506_binary.jpg
485,celeba512_30k_masked\000507_masked.jpg,celeba512_30k_binary\000507_binary.jpg
486,celeba512_30k_masked\000508_masked.jpg,celeba512_30k_binary\000508_binary.jpg
487,celeba512_30k_masked\000509_masked.jpg,celeba512_30k_binary\000509_binary.jpg
488,celeba512_30k_masked\000510_masked.jpg,celeba512_30k_binary\000510_binary.jpg
489,celeba512_30k_masked\000511_masked.jpg,celeba512_30k_binary\000511_binary.jpg
490,celeba512_30k_masked\000512_masked.jpg,celeba512_30k_binary\000512_binary.jpg
491,celeba512_30k_masked\000513_masked.jpg,celeba512_30k_binary\000513_binary.jpg
492,celeba512_30k_masked\000514_masked.jpg,celeba512_30k_binary\000514_binary.jpg
493,celeba512_30k_masked\000515_masked.jpg,celeba512_30k_binary\000515_binary.jpg
494,celeba512_30k_masked\000516_masked.jpg,celeba512_30k_binary\000516_binary.jpg
495,celeba512_30k_masked\000517_masked.jpg,celeba512_30k_binary\000517_binary.jpg
496,celeba512_30k_masked\000518_masked.jpg,celeba512_30k_binary\000518_binary.jpg
497,celeba512_30k_masked\000519_masked.jpg,celeba512_30k_binary\000519_binary.jpg
498,celeba512_30k_masked\000520_masked.jpg,celeba512_30k_binary\000520_binary.jpg
499,celeba512_30k_masked\000521_masked.jpg,celeba512_30k_binary\000521_binary.jpg
500,celeba512_30k_masked\000522_masked.jpg,celeba512_30k_binary\000522_binary.jpg
501,celeba512_30k_masked\000523_masked.jpg,celeba512_30k_binary\000523_binary.jpg
502,celeba512_30k_masked\000524_masked.jpg,celeba512_30k_binary\000524_binary.jpg
503,celeba512_30k_masked\000525_masked.jpg,celeba512_30k_binary\000525_binary.jpg
504,celeba512_30k_masked\000526_masked.jpg,celeba512_30k_binary\000526_binary.jpg
505,celeba512_30k_masked\000527_masked.jpg,celeba512_30k_binary\000527_binary.jpg
506,celeba512_30k_masked\000528_masked.jpg,celeba512_30k_binary\000528_binary.jpg
507,celeba512_30k_masked\000529_masked.jpg,celeba512_30k_binary\000529_binary.jpg
508,celeba512_30k_masked\000530_masked.jpg,celeba512_30k_binary\000530_binary.jpg
509,celeba512_30k_masked\000531_masked.jpg,celeba512_30k_binary\000531_binary.jpg
510,celeba512_30k_masked\000532_masked.jpg,celeba512_30k_binary\000532_binary.jpg
511,celeba512_30k_masked\000533_masked.jpg,celeba512_30k_binary\000533_binary.jpg
512,celeba512_30k_masked\000534_masked.jpg,celeba512_30k_binary\000534_binary.jpg
513,celeba512_30k_masked\000535_masked.jpg,celeba512_30k_binary\000535_binary.jpg
514,celeba512_30k_masked\000536_masked.jpg,celeba512_30k_binary\000536_binary.jpg
515,celeba512_30k_masked\000537_masked.jpg,celeba512_30k_binary\000537_binary.jpg
516,celeba512_30k_masked\000538_masked.jpg,celeba512_30k_binary\000538_binary.jpg
517,celeba512_30k_masked\000539_masked.jpg,celeba512_30k_binary\000539_binary.jpg
518,celeba512_30k_masked\000540_masked.jpg,celeba512_30k_binary\000540_binary.jpg
519,celeba512_30k_masked\000541_masked.jpg,celeba512_30k_binary\000541_binary.jpg
520,celeba512_30k_masked\000542_masked.jpg,celeba512_30k_binary\000542_binary.jpg
521,celeba512_30k_masked\000543_masked.jpg,celeba512_30k_binary\000543_binary.jpg
522,celeba512_30k_masked\000544_masked.jpg,celeba512_30k_binary\000544_binary.jpg
523,celeba512_30k_masked\000545_masked.jpg,celeba512_30k_binary\000545_binary.jpg
524,celeba512_30k_masked\000546_masked.jpg,celeba512_30k_binary\000546_binary.jpg
525,celeba512_30k_masked\000547_masked.jpg,celeba512_30k_binary\000547_binary.jpg
526,celeba512_30k_masked\000548_masked.jpg,celeba512_30k_binary\000548_binary.jpg
527,celeba512_30k_masked\000549_masked.jpg,celeba512_30k_binary\000549_binary.jpg
528,celeba512_30k_masked\000550_masked.jpg,celeba512_30k_binary\000550_binary.jpg
529,celeba512_30k_masked\000551_masked.jpg,celeba512_30k_binary\000551_binary.jpg
530,celeba512_30k_masked\000552_masked.jpg,celeba512_30k_binary\000552_binary.jpg
531,celeba512_30k_masked\000553_masked.jpg,celeba512_30k_binary\000553_binary.jpg
532,celeba512_30k_masked\000554_masked.jpg,celeba512_30k_binary\000554_binary.jpg
533,celeba512_30k_masked\000555_masked.jpg,celeba512_30k_binary\000555_binary.jpg
534,celeba512_30k_masked\000556_masked.jpg,celeba512_30k_binary\000556_binary.jpg
535,celeba512_30k_masked\000558_masked.jpg,celeba512_30k_binary\000558_binary.jpg
536,celeba512_30k_masked\000559_masked.jpg,celeba512_30k_binary\000559_binary.jpg
537,celeba512_30k_masked\000560_masked.jpg,celeba512_30k_binary\000560_binary.jpg
538,celeba512_30k_masked\000561_masked.jpg,celeba512_30k_binary\000561_binary.jpg
539,celeba512_30k_masked\000562_masked.jpg,celeba512_30k_binary\000562_binary.jpg
540,celeba512_30k_masked\000563_masked.jpg,celeba512_30k_binary\000563_binary.jpg
541,celeba512_30k_masked\000564_masked.jpg,celeba512_30k_binary\000564_binary.jpg
542,celeba512_30k_masked\000565_masked.jpg,celeba512_30k_binary\000565_binary.jpg
543,celeba512_30k_masked\000566_masked.jpg,celeba512_30k_binary\000566_binary.jpg
544,celeba512_30k_masked\000567_masked.jpg,celeba512_30k_binary\000567_binary.jpg
545,celeba512_30k_masked\000568_masked.jpg,celeba512_30k_binary\000568_binary.jpg
546,celeba512_30k_masked\000569_masked.jpg,celeba512_30k_binary\000569_binary.jpg
547,celeba512_30k_masked\000570_masked.jpg,celeba512_30k_binary\000570_binary.jpg
548,celeba512_30k_masked\000571_masked.jpg,celeba512_30k_binary\000571_binary.jpg
549,celeba512_30k_masked\000572_masked.jpg,celeba512_30k_binary\000572_binary.jpg
550,celeba512_30k_masked\000574_masked.jpg,celeba512_30k_binary\000574_binary.jpg
551,celeba512_30k_masked\000575_masked.jpg,celeba512_30k_binary\000575_binary.jpg
552,celeba512_30k_masked\000576_masked.jpg,celeba512_30k_binary\000576_binary.jpg
553,celeba512_30k_masked\000577_masked.jpg,celeba512_30k_binary\000577_binary.jpg
554,celeba512_30k_masked\000578_masked.jpg,celeba512_30k_binary\000578_binary.jpg
555,celeba512_30k_masked\000579_masked.jpg,celeba512_30k_binary\000579_binary.jpg
556,celeba512_30k_masked\000580_masked.jpg,celeba512_30k_binary\000580_binary.jpg
557,celeba512_30k_masked\000581_masked.jpg,celeba512_30k_binary\000581_binary.jpg
558,celeba512_30k_masked\000582_masked.jpg,celeba512_30k_binary\000582_binary.jpg
559,celeba512_30k_masked\000583_masked.jpg,celeba512_30k_binary\000583_binary.jpg
560,celeba512_30k_masked\000584_masked.jpg,celeba512_30k_binary\000584_binary.jpg
561,celeba512_30k_masked\000585_masked.jpg,celeba512_30k_binary\000585_binary.jpg
562,celeba512_30k_masked\000586_masked.jpg,celeba512_30k_binary\000586_binary.jpg
563,celeba512_30k_masked\000587_masked.jpg,celeba512_30k_binary\000587_binary.jpg
564,celeba512_30k_masked\000588_masked.jpg,celeba512_30k_binary\000588_binary.jpg
565,celeba512_30k_masked\000589_masked.jpg,celeba512_30k_binary\000589_binary.jpg
566,celeba512_30k_masked\000590_masked.jpg,celeba512_30k_binary\000590_binary.jpg
567,celeba512_30k_masked\000591_masked.jpg,celeba512_30k_binary\000591_binary.jpg
568,celeba512_30k_masked\000592_masked.jpg,celeba512_30k_binary\000592_binary.jpg
569,celeba512_30k_masked\000593_masked.jpg,celeba512_30k_binary\000593_binary.jpg
570,celeba512_30k_masked\000594_masked.jpg,celeba512_30k_binary\000594_binary.jpg
571,celeba512_30k_masked\000595_masked.jpg,celeba512_30k_binary\000595_binary.jpg
572,celeba512_30k_masked\000596_masked.jpg,celeba512_30k_binary\000596_binary.jpg
573,celeba512_30k_masked\000597_masked.jpg,celeba512_30k_binary\000597_binary.jpg
574,celeba512_30k_masked\000598_masked.jpg,celeba512_30k_binary\000598_binary.jpg
575,celeba512_30k_masked\000599_masked.jpg,celeba512_30k_binary\000599_binary.jpg
576,celeba512_30k_masked\000600_masked.jpg,celeba512_30k_binary\000600_binary.jpg
577,celeba512_30k_masked\000601_masked.jpg,celeba512_30k_binary\000601_binary.jpg
578,celeba512_30k_masked\000602_masked.jpg,celeba512_30k_binary\000602_binary.jpg
579,celeba512_30k_masked\000604_masked.jpg,celeba512_30k_binary\000604_binary.jpg
580,celeba512_30k_masked\000605_masked.jpg,celeba512_30k_binary\000605_binary.jpg
581,celeba512_30k_masked\000606_masked.jpg,celeba512_30k_binary\000606_binary.jpg
582,celeba512_30k_masked\000607_masked.jpg,celeba512_30k_binary\000607_binary.jpg
583,celeba512_30k_masked\000608_masked.jpg,celeba512_30k_binary\000608_binary.jpg
584,celeba512_30k_masked\000609_masked.jpg,celeba512_30k_binary\000609_binary.jpg
585,celeba512_30k_masked\000610_masked.jpg,celeba512_30k_binary\000610_binary.jpg
586,celeba512_30k_masked\000611_masked.jpg,celeba512_30k_binary\000611_binary.jpg
587,celeba512_30k_masked\000612_masked.jpg,celeba512_30k_binary\000612_binary.jpg
588,celeba512_30k_masked\000613_masked.jpg,celeba512_30k_binary\000613_binary.jpg
589,celeba512_30k_masked\000614_masked.jpg,celeba512_30k_binary\000614_binary.jpg
590,celeba512_30k_masked\000615_masked.jpg,celeba512_30k_binary\000615_binary.jpg
591,celeba512_30k_masked\000616_masked.jpg,celeba512_30k_binary\000616_binary.jpg
592,celeba512_30k_masked\000617_masked.jpg,celeba512_30k_binary\000617_binary.jpg
593,celeba512_30k_masked\000618_masked.jpg,celeba512_30k_binary\000618_binary.jpg
594,celeba512_30k_masked\000619_masked.jpg,celeba512_30k_binary\000619_binary.jpg
595,celeba512_30k_masked\000620_masked.jpg,celeba512_30k_binary\000620_binary.jpg
596,celeba512_30k_masked\000621_masked.jpg,celeba512_30k_binary\000621_binary.jpg
597,celeba512_30k_masked\000622_masked.jpg,celeba512_30k_binary\000622_binary.jpg
598,celeba512_30k_masked\000623_masked.jpg,celeba512_30k_binary\000623_binary.jpg
599,celeba512_30k_masked\000624_masked.jpg,celeba512_30k_binary\000624_binary.jpg
600,celeba512_30k_masked\000625_masked.jpg,celeba512_30k_binary\000625_binary.jpg
601,celeba512_30k_masked\000626_masked.jpg,celeba512_30k_binary\000626_binary.jpg
602,celeba512_30k_masked\000628_masked.jpg,celeba512_30k_binary\000628_binary.jpg
603,celeba512_30k_masked\000629_masked.jpg,celeba512_30k_binary\000629_binary.jpg
604,celeba512_30k_masked\000630_masked.jpg,celeba512_30k_binary\000630_binary.jpg
605,celeba512_30k_masked\000631_masked.jpg,celeba512_30k_binary\000631_binary.jpg
606,celeba512_30k_masked\000632_masked.jpg,celeba512_30k_binary\000632_binary.jpg
607,celeba512_30k_masked\000633_masked.jpg,celeba512_30k_binary\000633_binary.jpg
608,celeba512_30k_masked\000634_masked.jpg,celeba512_30k_binary\000634_binary.jpg
609,celeba512_30k_masked\000635_masked.jpg,celeba512_30k_binary\000635_binary.jpg
610,celeba512_30k_masked\000636_masked.jpg,celeba512_30k_binary\000636_binary.jpg
611,celeba512_30k_masked\000637_masked.jpg,celeba512_30k_binary\000637_binary.jpg
612,celeba512_30k_masked\000638_masked.jpg,celeba512_30k_binary\000638_binary.jpg
613,celeba512_30k_masked\000639_masked.jpg,celeba512_30k_binary\000639_binary.jpg
614,celeba512_30k_masked\000640_masked.jpg,celeba512_30k_binary\000640_binary.jpg
615,celeba512_30k_masked\000641_masked.jpg,celeba512_30k_binary\000641_binary.jpg
616,celeba512_30k_masked\000642_masked.jpg,celeba512_30k_binary\000642_binary.jpg
617,celeba512_30k_masked\000643_masked.jpg,celeba512_30k_binary\000643_binary.jpg
618,celeba512_30k_masked\000644_masked.jpg,celeba512_30k_binary\000644_binary.jpg
619,celeba512_30k_masked\000645_masked.jpg,celeba512_30k_binary\000645_binary.jpg
620,celeba512_30k_masked\000646_masked.jpg,celeba512_30k_binary\000646_binary.jpg
621,celeba512_30k_masked\000647_masked.jpg,celeba512_30k_binary\000647_binary.jpg
622,celeba512_30k_masked\000648_masked.jpg,celeba512_30k_binary\000648_binary.jpg
623,celeba512_30k_masked\000649_masked.jpg,celeba512_30k_binary\000649_binary.jpg
624,celeba512_30k_masked\000650_masked.jpg,celeba512_30k_binary\000650_binary.jpg
625,celeba512_30k_masked\000651_masked.jpg,celeba512_30k_binary\000651_binary.jpg
626,celeba512_30k_masked\000652_masked.jpg,celeba512_30k_binary\000652_binary.jpg
627,celeba512_30k_masked\000653_masked.jpg,celeba512_30k_binary\000653_binary.jpg
628,celeba512_30k_masked\000654_masked.jpg,celeba512_30k_binary\000654_binary.jpg
629,celeba512_30k_masked\000655_masked.jpg,celeba512_30k_binary\000655_binary.jpg
630,celeba512_30k_masked\000656_masked.jpg,celeba512_30k_binary\000656_binary.jpg
631,celeba512_30k_masked\000657_masked.jpg,celeba512_30k_binary\000657_binary.jpg
632,celeba512_30k_masked\000658_masked.jpg,celeba512_30k_binary\000658_binary.jpg
633,celeba512_30k_masked\000659_masked.jpg,celeba512_30k_binary\000659_binary.jpg
634,celeba512_30k_masked\000660_masked.jpg,celeba512_30k_binary\000660_binary.jpg
635,celeba512_30k_masked\000661_masked.jpg,celeba512_30k_binary\000661_binary.jpg
636,celeba512_30k_masked\000662_masked.jpg,celeba512_30k_binary\000662_binary.jpg
637,celeba512_30k_masked\000663_masked.jpg,celeba512_30k_binary\000663_binary.jpg
638,celeba512_30k_masked\000664_masked.jpg,celeba512_30k_binary\000664_binary.jpg
639,celeba512_30k_masked\000665_masked.jpg,celeba512_30k_binary\000665_binary.jpg
640,celeba512_30k_masked\000666_masked.jpg,celeba512_30k_binary\000666_binary.jpg
641,celeba512_30k_masked\000667_masked.jpg,celeba512_30k_binary\000667_binary.jpg
642,celeba512_30k_masked\000668_masked.jpg,celeba512_30k_binary\000668_binary.jpg
643,celeba512_30k_masked\000669_masked.jpg,celeba512_30k_binary\000669_binary.jpg
644,celeba512_30k_masked\000670_masked.jpg,celeba512_30k_binary\000670_binary.jpg
645,celeba512_30k_masked\000671_masked.jpg,celeba512_30k_binary\000671_binary.jpg
646,celeba512_30k_masked\000672_masked.jpg,celeba512_30k_binary\000672_binary.jpg
647,celeba512_30k_masked\000673_masked.jpg,celeba512_30k_binary\000673_binary.jpg
648,celeba512_30k_masked\000674_masked.jpg,celeba512_30k_binary\000674_binary.jpg
649,celeba512_30k_masked\000675_masked.jpg,celeba512_30k_binary\000675_binary.jpg
650,celeba512_30k_masked\000676_masked.jpg,celeba512_30k_binary\000676_binary.jpg
651,celeba512_30k_masked\000677_masked.jpg,celeba512_30k_binary\000677_binary.jpg
652,celeba512_30k_masked\000678_masked.jpg,celeba512_30k_binary\000678_binary.jpg
653,celeba512_30k_masked\000679_masked.jpg,celeba512_30k_binary\000679_binary.jpg
654,celeba512_30k_masked\000680_masked.jpg,celeba512_30k_binary\000680_binary.jpg
655,celeba512_30k_masked\000681_masked.jpg,celeba512_30k_binary\000681_binary.jpg
656,celeba512_30k_masked\000682_masked.jpg,celeba512_30k_binary\000682_binary.jpg
657,celeba512_30k_masked\000683_masked.jpg,celeba512_30k_binary\000683_binary.jpg
658,celeba512_30k_masked\000684_masked.jpg,celeba512_30k_binary\000684_binary.jpg
659,celeba512_30k_masked\000685_masked.jpg,celeba512_30k_binary\000685_binary.jpg
660,celeba512_30k_masked\000686_masked.jpg,celeba512_30k_binary\000686_binary.jpg
661,celeba512_30k_masked\000687_masked.jpg,celeba512_30k_binary\000687_binary.jpg
662,celeba512_30k_masked\000688_masked.jpg,celeba512_30k_binary\000688_binary.jpg
663,celeba512_30k_masked\000689_masked.jpg,celeba512_30k_binary\000689_binary.jpg
664,celeba512_30k_masked\000690_masked.jpg,celeba512_30k_binary\000690_binary.jpg
665,celeba512_30k_masked\000691_masked.jpg,celeba512_30k_binary\000691_binary.jpg
666,celeba512_30k_masked\000692_masked.jpg,celeba512_30k_binary\000692_binary.jpg
667,celeba512_30k_masked\000693_masked.jpg,celeba512_30k_binary\000693_binary.jpg
668,celeba512_30k_masked\000694_masked.jpg,celeba512_30k_binary\000694_binary.jpg
669,celeba512_30k_masked\000695_masked.jpg,celeba512_30k_binary\000695_binary.jpg
670,celeba512_30k_masked\000696_masked.jpg,celeba512_30k_binary\000696_binary.jpg
671,celeba512_30k_masked\000697_masked.jpg,celeba512_30k_binary\000697_binary.jpg
672,celeba512_30k_masked\000698_masked.jpg,celeba512_30k_binary\000698_binary.jpg
673,celeba512_30k_masked\000699_masked.jpg,celeba512_30k_binary\000699_binary.jpg
674,celeba512_30k_masked\000700_masked.jpg,celeba512_30k_binary\000700_binary.jpg
675,celeba512_30k_masked\000701_masked.jpg,celeba512_30k_binary\000701_binary.jpg
676,celeba512_30k_masked\000702_masked.jpg,celeba512_30k_binary\000702_binary.jpg
677,celeba512_30k_masked\000703_masked.jpg,celeba512_30k_binary\000703_binary.jpg
678,celeba512_30k_masked\000704_masked.jpg,celeba512_30k_binary\000704_binary.jpg
679,celeba512_30k_masked\000705_masked.jpg,celeba512_30k_binary\000705_binary.jpg
680,celeba512_30k_masked\000706_masked.jpg,celeba512_30k_binary\000706_binary.jpg
681,celeba512_30k_masked\000707_masked.jpg,celeba512_30k_binary\000707_binary.jpg
682,celeba512_30k_masked\000708_masked.jpg,celeba512_30k_binary\000708_binary.jpg
683,celeba512_30k_masked\000709_masked.jpg,celeba512_30k_binary\000709_binary.jpg
684,celeba512_30k_masked\000710_masked.jpg,celeba512_30k_binary\000710_binary.jpg
685,celeba512_30k_masked\000711_masked.jpg,celeba512_30k_binary\000711_binary.jpg
686,celeba512_30k_masked\000712_masked.jpg,celeba512_30k_binary\000712_binary.jpg
687,celeba512_30k_masked\000713_masked.jpg,celeba512_30k_binary\000713_binary.jpg
688,celeba512_30k_masked\000714_masked.jpg,celeba512_30k_binary\000714_binary.jpg
689,celeba512_30k_masked\000715_masked.jpg,celeba512_30k_binary\000715_binary.jpg
690,celeba512_30k_masked\000716_masked.jpg,celeba512_30k_binary\000716_binary.jpg
691,celeba512_30k_masked\000717_masked.jpg,celeba512_30k_binary\000717_binary.jpg
692,celeba512_30k_masked\000718_masked.jpg,celeba512_30k_binary\000718_binary.jpg
693,celeba512_30k_masked\000719_masked.jpg,celeba512_30k_binary\000719_binary.jpg
694,celeba512_30k_masked\000720_masked.jpg,celeba512_30k_binary\000720_binary.jpg
695,celeba512_30k_masked\000721_masked.jpg,celeba512_30k_binary\000721_binary.jpg
696,celeba512_30k_masked\000722_masked.jpg,celeba512_30k_binary\000722_binary.jpg
697,celeba512_30k_masked\000723_masked.jpg,celeba512_30k_binary\000723_binary.jpg
698,celeba512_30k_masked\000724_masked.jpg,celeba512_30k_binary\000724_binary.jpg
699,celeba512_30k_masked\000725_masked.jpg,celeba512_30k_binary\000725_binary.jpg
